[
  {
    "model": "will_of_the_prophets.specialsquaretype",
    "pk": 1,
    "fields": {
      "name": "Quark's Bar",
      "description": "Drunkisode",
      "image": "/static/will_of_the_prophets/special_squares/quarks_bar.png",
      "auto_move": 0
    }
  },
  {
    "model": "will_of_the_prophets.specialsquaretype",
    "pk": 2,
    "fields": {
      "name": "CoCo NoNo",
      "description": "A special tiki-themed Drunkisode",
      "image": "/static/will_of_the_prophets/special_squares/coco_nono.png",
      "auto_move": 0
    }
  },
  {
    "model": "will_of_the_prophets.specialsquaretype",
    "pk": 3,
    "fields": {
      "name": "Mornhammered",
      "description": "Power Hour",
      "image": "/static/will_of_the_prophets/special_squares/morn.png",
      "auto_move": 0
    }
  },
  {
    "model": "will_of_the_prophets.specialsquaretype",
    "pk": 4,
    "fields": {
      "name": "Starship Mine",
      "description": "Build a spaceship model while recording",
      "image": "/static/will_of_the_prophets/special_squares/starship_mine.png",
      "auto_move": 0
    }
  },
  {
    "model": "will_of_the_prophets.specialsquaretype",
    "pk": 5,
    "fields": {
      "name": "Caught in the Nebula",
      "description": "No notes",
      "image": "/static/will_of_the_prophets/special_squares/caught_in_the_nebula.png",
      "auto_move": 0
    }
  },
  {
    "model": "will_of_the_prophets.specialsquaretype",
    "pk": 6,
    "fields": {
      "name": "The Nth Degree",
      "description": "Extensive Research",
      "image": "/static/will_of_the_prophets/special_squares/nth_degree.png",
      "auto_move": 0
    }
  },
  {
    "model": "will_of_the_prophets.specialsquaretype",
    "pk": 7,
    "fields": {
      "name": "Measure of a Man",
      "description": "We flip a coin and vehemently argue the pro/con of an episode",
      "image": "/static/will_of_the_prophets/special_squares/measure_of_a_man.png",
      "auto_move": 0
    }
  },
  {
    "model": "will_of_the_prophets.specialsquaretype",
    "pk": 8,
    "fields": {
      "name": "The Naked Now",
      "description": "Roderick Style From the bathtub",
      "image": "/static/will_of_the_prophets/special_squares/naked_now.png",
      "auto_move": 0
    }
  },
  {
    "model": "will_of_the_prophets.specialsquaretype",
    "pk": 9,
    "fields": {
      "name": "Looking At Eachother During",
      "description": "One host has to fly to the other host's city and record in-person",
      "image": "/static/will_of_the_prophets/special_squares/look_at_each_other.png",
      "auto_move": 0
    }
  },
  {
    "model": "will_of_the_prophets.specialsquaretype",
    "pk": 10,
    "fields": {
      "name": "Fuck It, We’ll Do It Live!",
      "description": "Livestream the recording session",
      "image": "/static/will_of_the_prophets/special_squares/do_it_live.png",
      "auto_move": 0
    }
  },
  {
    "model": "will_of_the_prophets.specialsquaretype",
    "pk": 11,
    "fields": {
      "name": "Banger",
      "description": "Move the runabout 5 spaces back",
      "image": "https://s3.amazonaws.com/will-of-the-prophets/special_squares/icon_banger_no_background_small.png",
      "auto_move": -5
    }
  },
  {
    "model": "will_of_the_prophets.specialsquaretype",
    "pk": 12,
    "fields": {
      "name": "The Traveller",
      "description": "Move the runabout 5 spaces forward",
      "image": "https://s3.amazonaws.com/will-of-the-prophets/special_squares/icon_traveler_no_background_small.png",
      "auto_move": 5
    }
  },
  {
    "model": "will_of_the_prophets.specialsquare",
    "pk": 1,
    "fields": {
      "square": 2,
      "type": 12
    }
  },
  {
    "model": "will_of_the_prophets.specialsquare",
    "pk": 2,
    "fields": {
      "square": 18,
      "type": 1
    }
  },
  {
    "model": "will_of_the_prophets.specialsquare",
    "pk": 3,
    "fields": {
      "square": 24,
      "type": 11
    }
  },
  {
    "model": "will_of_the_prophets.specialsquare",
    "pk": 4,
    "fields": {
      "square": 36,
      "type": 1
    }
  },
  {
    "model": "will_of_the_prophets.specialsquare",
    "pk": 5,
    "fields": {
      "square": 46,
      "type": 12
    }
  },
  {
    "model": "will_of_the_prophets.specialsquare",
    "pk": 6,
    "fields": {
      "square": 54,
      "type": 1
    }
  },
  {
    "model": "will_of_the_prophets.specialsquare",
    "pk": 7,
    "fields": {
      "square": 68,
      "type": 11
    }
  },
  {
    "model": "will_of_the_prophets.specialsquare",
    "pk": 8,
    "fields": {
      "square": 72,
      "type": 1
    }
  },
  {
    "model": "will_of_the_prophets.specialsquare",
    "pk": 9,
    "fields": {
      "square": 10,
      "type": 2
    }
  },
  {
    "model": "will_of_the_prophets.specialsquare",
    "pk": 10,
    "fields": {
      "square": 12,
      "type": 10
    }
  },
  {
    "model": "will_of_the_prophets.specialsquare",
    "pk": 11,
    "fields": {
      "square": 28,
      "type": 8
    }
  },
  {
    "model": "will_of_the_prophets.specialsquare",
    "pk": 12,
    "fields": {
      "square": 34,
      "type": 7
    }
  },
  {
    "model": "will_of_the_prophets.specialsquare",
    "pk": 13,
    "fields": {
      "square": 56,
      "type": 9
    }
  },
  {
    "model": "will_of_the_prophets.specialsquare",
    "pk": 14,
    "fields": {
      "square": 64,
      "type": 4
    }
  },
  {
    "model": "will_of_the_prophets.specialsquare",
    "pk": 15,
    "fields": {
      "square": 78,
      "type": 6
    }
  },
  {
    "model": "will_of_the_prophets.specialsquare",
    "pk": 16,
    "fields": {
      "square": 82,
      "type": 5
    }
  },
  {
    "model": "will_of_the_prophets.specialsquare",
    "pk": 17,
    "fields": {
      "square": 100,
      "type": 3
    }
  },
  {
    "model": "will_of_the_prophets.specialsquare",
    "pk": 18,
    "fields": {
      "square": 90,
      "type": 12
    }
  },
  {
    "model": "will_of_the_prophets.butthole",
    "pk": 1,
    "fields": {
      "start_square": 21,
      "end_square": 2
    }
  },
  {
    "model": "will_of_the_prophets.butthole",
    "pk": 2,
    "fields": {
      "start_square": 49,
      "end_square": 12
    }
  },
  {
    "model": "will_of_the_prophets.butthole",
    "pk": 3,
    "fields": {
      "start_square": 62,
      "end_square": 18
    }
  },
  {
    "model": "will_of_the_prophets.butthole",
    "pk": 4,
    "fields": {
      "start_square": 87,
      "end_square": 34
    }
  },
  {
    "model": "will_of_the_prophets.butthole",
    "pk": 5,
    "fields": {
      "start_square": 92,
      "end_square": 72
    }
  },
  {
    "model": "will_of_the_prophets.butthole",
    "pk": 6,
    "fields": {
      "start_square": 98,
      "end_square": 78
    }
  },

  {
    "model": "will_of_the_prophets.roll",
    "pk": 40,
    "fields": {
      "created": "2018-09-24T14:47:09.609Z",
      "modified": "2018-09-24T14:47:09.743Z",
      "number": 5,
      "embargo": "2018-09-24T14:47:08Z"
    }
  },
  {
    "model": "will_of_the_prophets.roll",
    "pk": 41,
    "fields": {
      "created": "2018-09-26T22:47:24.829Z",
      "modified": "2018-09-26T22:47:24.838Z",
      "number": 3,
      "embargo": "2018-10-01T07:00:00Z"
    }
  },
  {
    "model": "will_of_the_prophets.roll",
    "pk": 42,
    "fields": {
      "created": "2018-09-26T22:47:42.713Z",
      "modified": "2018-09-26T22:47:42.723Z",
      "number": 2,
      "embargo": "2018-10-08T07:00:00Z"
    }
  },
  {
    "model": "will_of_the_prophets.roll",
    "pk": 43,
    "fields": {
      "created": "2018-09-27T00:31:17.015Z",
      "modified": "2018-09-27T00:31:17.042Z",
      "number": 4,
      "embargo": "2018-10-15T07:00:00Z"
    }
  },
  {
    "model": "will_of_the_prophets.roll",
    "pk": 44,
    "fields": {
      "created": "2018-10-13T00:44:19.042Z",
      "modified": "2018-10-13T00:44:19.075Z",
      "number": 4,
      "embargo": "2018-10-22T07:00:00Z"
    }
  },
  {
    "model": "will_of_the_prophets.roll",
    "pk": 45,
    "fields": {
      "created": "2018-10-13T02:17:13.061Z",
      "modified": "2018-10-13T02:17:13.096Z",
      "number": 3,
      "embargo": "2018-10-29T07:00:00Z"
    }
  },
  {
    "model": "will_of_the_prophets.roll",
    "pk": 46,
    "fields": {
      "created": "2018-10-17T22:49:07.420Z",
      "modified": "2018-10-17T22:49:07.452Z",
      "number": 3,
      "embargo": "2018-11-05T07:00:00Z"
    }
  },
  {
    "model": "will_of_the_prophets.roll",
    "pk": 79,
    "fields": {
      "created": "2018-10-30T00:35:24.687Z",
      "modified": "2018-10-30T00:35:24.763Z",
      "number": 6,
      "embargo": "2018-11-12T07:00:00Z"
    }
  },
  {
    "model": "will_of_the_prophets.roll",
    "pk": 80,
    "fields": {
      "created": "2018-11-08T23:44:01.802Z",
      "modified": "2018-11-09T01:48:35.700Z",
      "number": 2,
      "embargo": "2018-11-19T08:00:00Z"
    }
  },
  {
    "model": "will_of_the_prophets.roll",
    "pk": 81,
    "fields": {
      "created": "2018-11-09T01:51:15.119Z",
      "modified": "2018-11-09T01:51:15.147Z",
      "number": 4,
      "embargo": "2018-11-26T07:00:00Z"
    }
  },
  {
    "model": "will_of_the_prophets.roll",
    "pk": 82,
    "fields": {
      "created": "2018-11-15T00:17:22.454Z",
      "modified": "2018-11-15T00:17:22.567Z",
      "number": 1,
      "embargo": "2018-12-03T08:00:00Z"
    }
  },
  {
    "model": "will_of_the_prophets.roll",
    "pk": 83,
    "fields": {
      "created": "2018-11-15T01:49:17.014Z",
      "modified": "2018-11-15T01:49:17.070Z",
      "number": 5,
      "embargo": "2018-12-10T08:00:00Z"
    }
  },
  {
    "model": "will_of_the_prophets.roll",
    "pk": 84,
    "fields": {
      "created": "2018-11-20T20:22:57.173Z",
      "modified": "2018-11-20T20:22:57.316Z",
      "number": 1,
      "embargo": "2018-12-17T08:00:00Z"
    }
  },
  {
    "model": "will_of_the_prophets.roll",
    "pk": 86,
    "fields": {
      "created": "2018-12-18T23:06:15.194Z",
      "modified": "2018-12-18T23:06:15.203Z",
      "number": 1,
      "embargo": "2018-12-24T08:00:00Z"
    }
  },
  {
    "model": "will_of_the_prophets.roll",
    "pk": 87,
    "fields": {
      "created": "2018-12-20T23:36:57.761Z",
      "modified": "2018-12-20T23:36:57.787Z",
      "number": 1,
      "embargo": "2018-12-31T08:00:00Z"
    }
  },
  {
    "model": "will_of_the_prophets.roll",
    "pk": 88,
    "fields": {
      "created": "2018-12-28T23:57:32.198Z",
      "modified": "2018-12-28T23:57:32.369Z",
      "number": 3,
      "embargo": "2019-01-07T08:00:00Z"
    }
  },
  {
    "model": "will_of_the_prophets.roll",
    "pk": 89,
    "fields": {
      "created": "2018-12-29T01:40:14.451Z",
      "modified": "2018-12-29T01:40:14.461Z",
      "number": 6,
      "embargo": "2019-01-14T08:00:00Z"
    }
  },
  {
    "model": "will_of_the_prophets.roll",
    "pk": 90,
    "fields": {
      "created": "2019-01-04T22:31:00.197Z",
      "modified": "2019-01-04T22:31:00.241Z",
      "number": 5,
      "embargo": "2019-01-21T08:00:00Z"
    }
  },
  {
    "model": "will_of_the_prophets.roll",
    "pk": 91,
    "fields": {
      "created": "2019-01-05T00:13:12.022Z",
      "modified": "2019-01-05T00:13:12.052Z",
      "number": 2,
      "embargo": "2019-01-28T08:00:00Z"
    }
  },
  {
    "model": "will_of_the_prophets.roll",
    "pk": 92,
    "fields": {
      "created": "2019-01-12T00:20:40.377Z",
      "modified": "2019-01-12T00:20:40.411Z",
      "number": 2,
      "embargo": "2019-02-04T08:00:00Z"
    }
  },
  {
    "model": "will_of_the_prophets.roll",
    "pk": 93,
    "fields": {
      "created": "2019-01-25T23:55:28.322Z",
      "modified": "2019-01-25T23:55:28.337Z",
      "number": 1,
      "embargo": "2019-02-11T08:00:00Z"
    }
  },
  {
    "model": "will_of_the_prophets.roll",
    "pk": 94,
    "fields": {
      "created": "2019-01-31T23:17:49.885Z",
      "modified": "2019-01-31T23:17:49.981Z",
      "number": 3,
      "embargo": "2019-02-18T08:00:00Z"
    }
  },
  {
    "model": "will_of_the_prophets.roll",
    "pk": 95,
    "fields": {
      "created": "2019-02-01T00:53:58.531Z",
      "modified": "2019-02-01T00:53:58.542Z",
      "number": 1,
      "embargo": "2019-02-25T08:00:00Z"
    }
  },
  {
    "model": "will_of_the_prophets.roll",
    "pk": 96,
    "fields": {
      "created": "2019-02-10T01:28:38.249Z",
      "modified": "2019-02-10T01:28:38.266Z",
      "number": 4,
      "embargo": "2019-03-04T08:00:00Z"
    }
  },
  {
    "model": "will_of_the_prophets.roll",
    "pk": 97,
    "fields": {
      "created": "2019-02-26T00:09:25.032Z",
      "modified": "2019-02-26T00:09:25.073Z",
      "number": 2,
      "embargo": "2019-03-11T07:00:00Z"
    }
  },
  {
    "model": "will_of_the_prophets.roll",
    "pk": 99,
    "fields": {
      "created": "2019-03-14T04:09:12.181Z",
      "modified": "2019-03-14T04:09:12.217Z",
      "number": 2,
      "embargo": "2019-03-18T07:00:00Z"
    }
  },
  {
    "model": "will_of_the_prophets.roll",
    "pk": 100,
    "fields": {
      "created": "2019-03-14T04:09:34.308Z",
      "modified": "2019-03-14T04:09:34.334Z",
      "number": 6,
      "embargo": "2019-03-25T07:00:00Z"
    }
  },
  {
    "model": "will_of_the_prophets.roll",
    "pk": 101,
    "fields": {
      "created": "2019-03-25T22:35:00.799Z",
      "modified": "2019-03-25T22:35:00.838Z",
      "number": 1,
      "embargo": "2019-04-01T07:00:00Z"
    }
  },
  {
    "model": "will_of_the_prophets.roll",
    "pk": 102,
    "fields": {
      "created": "2019-04-01T22:55:35.602Z",
      "modified": "2019-04-01T22:55:35.626Z",
      "number": 2,
      "embargo": "2019-04-08T07:00:00Z"
    }
  },
  {
    "model": "will_of_the_prophets.roll",
    "pk": 103,
    "fields": {
      "created": "2019-04-02T00:19:03.926Z",
      "modified": "2019-04-02T00:19:03.931Z",
      "number": 6,
      "embargo": "2019-04-15T07:00:00Z"
    }
  }
]
