[
  {
    "model": "will_of_the_prophets.specialsquaretype",
    "pk": 1,
    "fields": {
      "name": "Quark's Bar",
      "description": "Drunkisode",
      "image": "/static/will_of_the_prophets/special_squares/quarks_bar.png",
      "auto_move": 0
    }
  },
  {
    "model": "will_of_the_prophets.specialsquaretype",
    "pk": 2,
    "fields": {
      "name": "CoCo NoNo",
      "description": "A special tiki-themed Drunkisode",
      "image": "/static/will_of_the_prophets/special_squares/coco_nono.png",
      "auto_move": 0
    }
  },
  {
    "model": "will_of_the_prophets.specialsquaretype",
    "pk": 3,
    "fields": {
      "name": "Mornhammered",
      "description": "Power Hour",
      "image": "/static/will_of_the_prophets/special_squares/morn.png",
      "auto_move": 0
    }
  },
  {
    "model": "will_of_the_prophets.specialsquaretype",
    "pk": 4,
    "fields": {
      "name": "Starship Mine",
      "description": "Build a spaceship model while recording",
      "image": "/static/will_of_the_prophets/special_squares/starship_mine.png",
      "auto_move": 0
    }
  },
  {
    "model": "will_of_the_prophets.specialsquaretype",
    "pk": 5,
    "fields": {
      "name": "Caught in the Nebula",
      "description": "No notes",
      "image": "/static/will_of_the_prophets/special_squares/caught_in_the_nebula.png",
      "auto_move": 0
    }
  },
  {
    "model": "will_of_the_prophets.specialsquaretype",
    "pk": 6,
    "fields": {
      "name": "The Nth Degree",
      "description": "Extensive Research",
      "image": "/static/will_of_the_prophets/special_squares/nth_degree.png",
      "auto_move": 0
    }
  },
  {
    "model": "will_of_the_prophets.specialsquaretype",
    "pk": 7,
    "fields": {
      "name": "Measure of a Man",
      "description": "We flip a coin and vehemently argue the pro/con of an episode",
      "image": "/static/will_of_the_prophets/special_squares/measure_of_a_man.png",
      "auto_move": 0
    }
  },
  {
    "model": "will_of_the_prophets.specialsquaretype",
    "pk": 8,
    "fields": {
      "name": "The Naked Now",
      "description": "Neelix-Style from the Bathtub",
      "image": "/static/will_of_the_prophets/special_squares/naked_now.png",
      "auto_move": 0
    }
  },
  {
    "model": "will_of_the_prophets.specialsquaretype",
    "pk": 9,
    "fields": {
      "name": "Looking At Each Other During",
      "description": "One host has to fly to the other host's city and record in-person",
      "image": "/static/will_of_the_prophets/special_squares/look_at_each_other.png",
      "auto_move": 0
    }
  },
  {
    "model": "will_of_the_prophets.specialsquaretype",
    "pk": 10,
    "fields": {
      "name": "Fuck It, We’ll Do It Live!",
      "description": "Livestream the recording session",
      "image": "/static/will_of_the_prophets/special_squares/do_it_live.png",
      "auto_move": 0
    }
  },
  {
    "model": "will_of_the_prophets.specialsquaretype",
    "pk": 11,
    "fields": {
      "name": "Banger",
      "description": "Move the runabout 5 spaces back",
      "image": "https://s3.amazonaws.com/will-of-the-prophets/special_squares/icon_banger_no_background_small.png",
      "auto_move": -5
    }
  },
  {
    "model": "will_of_the_prophets.specialsquaretype",
    "pk": 12,
    "fields": {
      "name": "The Traveller",
      "description": "Move the runabout 5 spaces forward",
      "image": "https://s3.amazonaws.com/will-of-the-prophets/special_squares/icon_traveler_no_background_small.png",
      "auto_move": 5
    }
  },
  {
    "model": "will_of_the_prophets.specialsquaretype",
    "pk": 13,
    "fields": {
      "name": "His Eyes Uncovered",
      "description": "The hosts must employ ten Tamarian-style metaphors during the episode.",
      "image": "https://s3.us-east-1.amazonaws.com/will-of-the-prophets/special_squares/icon_hiseyesuncovered_low.png",
      "auto_move": 0
    }
  },
  {
    "model": "will_of_the_prophets.specialsquaretype",
    "pk": 14,
    "fields": {
      "name": "Kanar with Damar",
      "description": "Each host attempts to invent a cocktail that tastes like Kanar and the other host must try the recipe",
      "image": "https://s3.us-east-1.amazonaws.com/will-of-the-prophets/special_squares/icon_kanar_low.png",
      "auto_move": 0
    }
  },
  {
    "model": "will_of_the_prophets.specialsquaretype",
    "pk": 15,
    "fields": {
      "name": "Jay Gordon",
      "description": "Each host must make a piece of artwork representing the episode and share it with the other and post pictures",
      "image": "https://s3.us-east-1.amazonaws.com/will-of-the-prophets/special_squares/icon_jaygordon_low.png",
      "auto_move": 0
    }
  },
  {
    "model": "will_of_the_prophets.specialsquaretype",
    "pk": 16,
    "fields": {
      "name": "Neelix's Galley",
      "description": "The hosts drink Talaxian Champagne",
      "image": "https://s3.us-east-1.amazonaws.com/will-of-the-prophets/special_squares/icon_neelix.png",
      "auto_move": 0
    }
  },
  {
    "model": "will_of_the_prophets.specialsquaretype",
    "pk": 17,
    "fields": {
      "name": "The Caretaker",
      "description": "The caretaker sends the runabout to a random square on the board",
      "image": "https://s3.us-east-1.amazonaws.com/will-of-the-prophets/special_squares/icon_caretaker.png",
      "auto_move": 0
    }
  },
  {
    "model": "will_of_the_prophets.specialsquaretype",
    "pk": 49,
    "fields": {
      "name": "Janeway",
      "description": "The Delta Flyer takes the hosts up the board",
      "image": "https://s3.us-east-1.amazonaws.com/will-of-the-prophets/special_squares/icon_deltaflyer.png",
      "auto_move": 0
    }
  },
  {
    "model": "will_of_the_prophets.specialsquaretype",
    "pk": 50,
    "fields": {
      "name": "Space Butthole",
      "description": "The hosts go down the board",
      "image": "https://s3.us-east-1.amazonaws.com/will-of-the-prophets/special_squares/butthole.png",
      "auto_move": 0
    }
  },
  {
    "model": "will_of_the_prophets.specialsquare",
    "pk": 1,
    "fields": {
      "start": "2018-09-24T14:40:00Z",
      "end": "2019-04-23T06:00:00Z",
      "square": 2,
      "type": 12
    }
  },
  {
    "model": "will_of_the_prophets.specialsquare",
    "pk": 2,
    "fields": { "start": null, "end": null, "square": 18, "type": 1 }
  },
  {
    "model": "will_of_the_prophets.specialsquare",
    "pk": 3,
    "fields": {
      "start": "2018-09-24T14:40:00Z",
      "end": null,
      "square": 24,
      "type": 11
    }
  },
  {
    "model": "will_of_the_prophets.specialsquare",
    "pk": 4,
    "fields": {
      "start": null,
      "end": "2019-04-23T06:00:00Z",
      "square": 36,
      "type": 1
    }
  },
  {
    "model": "will_of_the_prophets.specialsquare",
    "pk": 5,
    "fields": {
      "start": "2018-09-24T14:40:00Z",
      "end": "2019-04-23T06:00:00Z",
      "square": 46,
      "type": 12
    }
  },
  {
    "model": "will_of_the_prophets.specialsquare",
    "pk": 6,
    "fields": { "start": null, "end": null, "square": 54, "type": 1 }
  },
  {
    "model": "will_of_the_prophets.specialsquare",
    "pk": 7,
    "fields": {
      "start": "2018-09-24T14:40:00Z",
      "end": "2019-04-23T06:00:00Z",
      "square": 68,
      "type": 11
    }
  },
  {
    "model": "will_of_the_prophets.specialsquare",
    "pk": 8,
    "fields": {
      "start": null,
      "end": "2021-02-01T05:59:59Z",
      "square": 72,
      "type": 1
    }
  },
  {
    "model": "will_of_the_prophets.specialsquare",
    "pk": 9,
    "fields": {
      "start": null,
      "end": "2021-02-01T05:59:59Z",
      "square": 10,
      "type": 2
    }
  },
  {
    "model": "will_of_the_prophets.specialsquare",
    "pk": 10,
    "fields": {
      "start": null,
      "end": "2021-02-01T05:59:59Z",
      "square": 12,
      "type": 10
    }
  },
  {
    "model": "will_of_the_prophets.specialsquare",
    "pk": 11,
    "fields": { "start": null, "end": null, "square": 28, "type": 8 }
  },
  {
    "model": "will_of_the_prophets.specialsquare",
    "pk": 12,
    "fields": {
      "start": null,
      "end": "2021-02-01T05:59:59Z",
      "square": 34,
      "type": 7
    }
  },
  {
    "model": "will_of_the_prophets.specialsquare",
    "pk": 13,
    "fields": {
      "start": null,
      "end": "2021-02-01T05:59:59Z",
      "square": 56,
      "type": 9
    }
  },
  {
    "model": "will_of_the_prophets.specialsquare",
    "pk": 14,
    "fields": { "start": null, "end": null, "square": 64, "type": 4 }
  },
  {
    "model": "will_of_the_prophets.specialsquare",
    "pk": 15,
    "fields": { "start": null, "end": null, "square": 78, "type": 6 }
  },
  {
    "model": "will_of_the_prophets.specialsquare",
    "pk": 16,
    "fields": { "start": null, "end": null, "square": 82, "type": 5 }
  },
  {
    "model": "will_of_the_prophets.specialsquare",
    "pk": 17,
    "fields": { "start": null, "end": null, "square": 100, "type": 3 }
  },
  {
    "model": "will_of_the_prophets.specialsquare",
    "pk": 18,
    "fields": {
      "start": "2018-09-24T14:40:00Z",
      "end": null,
      "square": 90,
      "type": 12
    }
  },
  {
    "model": "will_of_the_prophets.specialsquare",
    "pk": 19,
    "fields": {
      "start": "2019-04-23T06:00:00Z",
      "end": null,
      "square": 46,
      "type": 2
    }
  },
  {
    "model": "will_of_the_prophets.specialsquare",
    "pk": 20,
    "fields": {
      "start": "2019-04-23T06:00:00Z",
      "end": "2021-02-01T05:59:59Z",
      "square": 2,
      "type": 13
    }
  },
  {
    "model": "will_of_the_prophets.specialsquare",
    "pk": 21,
    "fields": {
      "start": "2019-04-23T06:00:00Z",
      "end": null,
      "square": 68,
      "type": 15
    }
  },
  {
    "model": "will_of_the_prophets.specialsquare",
    "pk": 22,
    "fields": {
      "start": "2019-04-23T06:00:00Z",
      "end": "2021-02-01T05:59:59Z",
      "square": 36,
      "type": 14
    }
  },
  {
    "model": "will_of_the_prophets.specialsquare",
    "pk": 23,
    "fields": {
      "start": "2021-02-01T06:00:00Z",
      "end": null,
      "square": 21,
      "type": 13
    }
  },
  {
    "model": "will_of_the_prophets.specialsquare",
    "pk": 24,
    "fields": {
      "start": "2021-02-01T06:00:00Z",
      "end": null,
      "square": 87,
      "type": 7
    }
  },
  {
    "model": "will_of_the_prophets.specialsquare",
    "pk": 25,
    "fields": {
      "start": "2021-02-01T06:00:00Z",
      "end": null,
      "square": 10,
      "type": 17
    }
  },
  {
    "model": "will_of_the_prophets.specialsquare",
    "pk": 26,
    "fields": {
      "start": "2021-02-01T06:00:00Z",
      "end": null,
      "square": 12,
      "type": 2
    }
  },
  {
    "model": "will_of_the_prophets.specialsquare",
    "pk": 27,
    "fields": {
      "start": "2021-02-01T06:00:00Z",
      "end": null,
      "square": 36,
      "type": 16
    }
  },
  {
    "model": "will_of_the_prophets.specialsquare",
    "pk": 28,
    "fields": {
      "start": "2021-02-01T06:00:00Z",
      "end": null,
      "square": 56,
      "type": 17
    }
  },
  {
    "model": "will_of_the_prophets.specialsquare",
    "pk": 29,
    "fields": {
      "start": "2021-02-01T06:00:00Z",
      "end": null,
      "square": 92,
      "type": 16
    }
  },
  {
    "model": "will_of_the_prophets.butthole",
    "pk": 1,
    "fields": {
      "start": null,
      "end": "2021-02-01T05:59:59Z",
      "start_square": 21,
      "end_square": 2
    }
  },
  {
    "model": "will_of_the_prophets.butthole",
    "pk": 2,
    "fields": {
      "start": null,
      "end": null,
      "start_square": 49,
      "end_square": 12
    }
  },
  {
    "model": "will_of_the_prophets.butthole",
    "pk": 3,
    "fields": {
      "start": null,
      "end": null,
      "start_square": 62,
      "end_square": 18
    }
  },
  {
    "model": "will_of_the_prophets.butthole",
    "pk": 4,
    "fields": {
      "start": null,
      "end": "2021-02-01T05:59:59Z",
      "start_square": 87,
      "end_square": 34
    }
  },
  {
    "model": "will_of_the_prophets.butthole",
    "pk": 5,
    "fields": {
      "start": null,
      "end": "2021-02-01T05:59:59Z",
      "start_square": 92,
      "end_square": 72
    }
  },
  {
    "model": "will_of_the_prophets.butthole",
    "pk": 6,
    "fields": {
      "start": null,
      "end": null,
      "start_square": 98,
      "end_square": 78
    }
  },
  {
    "model": "will_of_the_prophets.butthole",
    "pk": 9,
    "fields": {
      "start": "2021-02-01T05:59:59Z",
      "end": null,
      "start_square": 2,
      "end_square": 21
    }
  },
  {
    "model": "will_of_the_prophets.butthole",
    "pk": 10,
    "fields": {
      "start": "2021-02-01T06:00:00Z",
      "end": null,
      "start_square": 34,
      "end_square": 87
    }
  },
  {
    "model": "will_of_the_prophets.butthole",
    "pk": 11,
    "fields": {
      "start": "2021-02-01T06:00:00Z",
      "end": null,
      "start_square": 72,
      "end_square": 92
    }
  },
  {
    "model": "will_of_the_prophets.roll",
    "pk": 40,
    "fields": {
      "created": "2018-09-24T14:47:09.609Z",
      "modified": "2018-09-24T14:47:09.743Z",
      "number": 5,
      "embargo": "2018-09-24T14:47:08Z"
    }
  },
  {
    "model": "will_of_the_prophets.roll",
    "pk": 41,
    "fields": {
      "created": "2018-09-26T22:47:24.829Z",
      "modified": "2018-09-26T22:47:24.838Z",
      "number": 3,
      "embargo": "2018-10-01T07:00:00Z"
    }
  },
  {
    "model": "will_of_the_prophets.roll",
    "pk": 42,
    "fields": {
      "created": "2018-09-26T22:47:42.713Z",
      "modified": "2018-09-26T22:47:42.723Z",
      "number": 2,
      "embargo": "2018-10-08T07:00:00Z"
    }
  },
  {
    "model": "will_of_the_prophets.roll",
    "pk": 43,
    "fields": {
      "created": "2018-09-27T00:31:17.015Z",
      "modified": "2018-09-27T00:31:17.042Z",
      "number": 4,
      "embargo": "2018-10-15T07:00:00Z"
    }
  },
  {
    "model": "will_of_the_prophets.roll",
    "pk": 44,
    "fields": {
      "created": "2018-10-13T00:44:19.042Z",
      "modified": "2018-10-13T00:44:19.075Z",
      "number": 4,
      "embargo": "2018-10-22T07:00:00Z"
    }
  },
  {
    "model": "will_of_the_prophets.roll",
    "pk": 45,
    "fields": {
      "created": "2018-10-13T02:17:13.061Z",
      "modified": "2018-10-13T02:17:13.096Z",
      "number": 3,
      "embargo": "2018-10-29T07:00:00Z"
    }
  },
  {
    "model": "will_of_the_prophets.roll",
    "pk": 46,
    "fields": {
      "created": "2018-10-17T22:49:07.420Z",
      "modified": "2018-10-17T22:49:07.452Z",
      "number": 3,
      "embargo": "2018-11-05T07:00:00Z"
    }
  },
  {
    "model": "will_of_the_prophets.roll",
    "pk": 79,
    "fields": {
      "created": "2018-10-30T00:35:24.687Z",
      "modified": "2018-10-30T00:35:24.763Z",
      "number": 6,
      "embargo": "2018-11-12T07:00:00Z"
    }
  },
  {
    "model": "will_of_the_prophets.roll",
    "pk": 80,
    "fields": {
      "created": "2018-11-08T23:44:01.802Z",
      "modified": "2018-11-09T01:48:35.700Z",
      "number": 2,
      "embargo": "2018-11-19T08:00:00Z"
    }
  },
  {
    "model": "will_of_the_prophets.roll",
    "pk": 81,
    "fields": {
      "created": "2018-11-09T01:51:15.119Z",
      "modified": "2018-11-09T01:51:15.147Z",
      "number": 4,
      "embargo": "2018-11-26T07:00:00Z"
    }
  },
  {
    "model": "will_of_the_prophets.roll",
    "pk": 82,
    "fields": {
      "created": "2018-11-15T00:17:22.454Z",
      "modified": "2018-11-15T00:17:22.567Z",
      "number": 1,
      "embargo": "2018-12-03T08:00:00Z"
    }
  },
  {
    "model": "will_of_the_prophets.roll",
    "pk": 83,
    "fields": {
      "created": "2018-11-15T01:49:17.014Z",
      "modified": "2018-11-15T01:49:17.070Z",
      "number": 5,
      "embargo": "2018-12-10T08:00:00Z"
    }
  },
  {
    "model": "will_of_the_prophets.roll",
    "pk": 84,
    "fields": {
      "created": "2018-11-20T20:22:57.173Z",
      "modified": "2018-11-20T20:22:57.316Z",
      "number": 1,
      "embargo": "2018-12-17T08:00:00Z"
    }
  },
  {
    "model": "will_of_the_prophets.roll",
    "pk": 86,
    "fields": {
      "created": "2018-12-18T23:06:15.194Z",
      "modified": "2018-12-18T23:06:15.203Z",
      "number": 1,
      "embargo": "2018-12-24T08:00:00Z"
    }
  },
  {
    "model": "will_of_the_prophets.roll",
    "pk": 87,
    "fields": {
      "created": "2018-12-20T23:36:57.761Z",
      "modified": "2018-12-20T23:36:57.787Z",
      "number": 1,
      "embargo": "2018-12-31T08:00:00Z"
    }
  },
  {
    "model": "will_of_the_prophets.roll",
    "pk": 88,
    "fields": {
      "created": "2018-12-28T23:57:32.198Z",
      "modified": "2018-12-28T23:57:32.369Z",
      "number": 3,
      "embargo": "2019-01-07T08:00:00Z"
    }
  },
  {
    "model": "will_of_the_prophets.roll",
    "pk": 89,
    "fields": {
      "created": "2018-12-29T01:40:14.451Z",
      "modified": "2018-12-29T01:40:14.461Z",
      "number": 6,
      "embargo": "2019-01-14T08:00:00Z"
    }
  },
  {
    "model": "will_of_the_prophets.roll",
    "pk": 90,
    "fields": {
      "created": "2019-01-04T22:31:00.197Z",
      "modified": "2019-01-04T22:31:00.241Z",
      "number": 5,
      "embargo": "2019-01-21T08:00:00Z"
    }
  },
  {
    "model": "will_of_the_prophets.roll",
    "pk": 91,
    "fields": {
      "created": "2019-01-05T00:13:12.022Z",
      "modified": "2019-01-05T00:13:12.052Z",
      "number": 2,
      "embargo": "2019-01-28T08:00:00Z"
    }
  },
  {
    "model": "will_of_the_prophets.roll",
    "pk": 92,
    "fields": {
      "created": "2019-01-12T00:20:40.377Z",
      "modified": "2019-01-12T00:20:40.411Z",
      "number": 2,
      "embargo": "2019-02-04T08:00:00Z"
    }
  },
  {
    "model": "will_of_the_prophets.roll",
    "pk": 93,
    "fields": {
      "created": "2019-01-25T23:55:28.322Z",
      "modified": "2019-01-25T23:55:28.337Z",
      "number": 1,
      "embargo": "2019-02-11T08:00:00Z"
    }
  },
  {
    "model": "will_of_the_prophets.roll",
    "pk": 94,
    "fields": {
      "created": "2019-01-31T23:17:49.885Z",
      "modified": "2019-01-31T23:17:49.981Z",
      "number": 3,
      "embargo": "2019-02-18T08:00:00Z"
    }
  },
  {
    "model": "will_of_the_prophets.roll",
    "pk": 95,
    "fields": {
      "created": "2019-02-01T00:53:58.531Z",
      "modified": "2019-02-01T00:53:58.542Z",
      "number": 1,
      "embargo": "2019-02-25T08:00:00Z"
    }
  },
  {
    "model": "will_of_the_prophets.roll",
    "pk": 96,
    "fields": {
      "created": "2019-02-10T01:28:38.249Z",
      "modified": "2019-02-10T01:28:38.266Z",
      "number": 4,
      "embargo": "2019-03-04T08:00:00Z"
    }
  },
  {
    "model": "will_of_the_prophets.roll",
    "pk": 97,
    "fields": {
      "created": "2019-02-26T00:09:25.032Z",
      "modified": "2019-02-26T00:09:25.073Z",
      "number": 2,
      "embargo": "2019-03-11T07:00:00Z"
    }
  },
  {
    "model": "will_of_the_prophets.roll",
    "pk": 99,
    "fields": {
      "created": "2019-03-14T04:09:12.181Z",
      "modified": "2019-03-14T04:09:12.217Z",
      "number": 2,
      "embargo": "2019-03-18T07:00:00Z"
    }
  },
  {
    "model": "will_of_the_prophets.roll",
    "pk": 100,
    "fields": {
      "created": "2019-03-14T04:09:34.308Z",
      "modified": "2019-03-14T04:09:34.334Z",
      "number": 6,
      "embargo": "2019-03-25T07:00:00Z"
    }
  },
  {
    "model": "will_of_the_prophets.roll",
    "pk": 101,
    "fields": {
      "created": "2019-03-25T22:35:00.799Z",
      "modified": "2019-03-25T22:35:00.838Z",
      "number": 1,
      "embargo": "2019-04-01T07:00:00Z"
    }
  },
  {
    "model": "will_of_the_prophets.roll",
    "pk": 102,
    "fields": {
      "created": "2019-04-01T22:55:35.602Z",
      "modified": "2019-04-01T22:55:35.626Z",
      "number": 2,
      "embargo": "2019-04-08T07:00:00Z"
    }
  },
  {
    "model": "will_of_the_prophets.roll",
    "pk": 103,
    "fields": {
      "created": "2019-04-02T00:19:03.926Z",
      "modified": "2019-04-02T00:19:03.931Z",
      "number": 6,
      "embargo": "2019-04-15T07:00:00Z"
    }
  },
  {
    "model": "will_of_the_prophets.roll",
    "pk": 104,
    "fields": {
      "created": "2019-04-15T23:12:53.693Z",
      "modified": "2019-04-15T23:12:53.879Z",
      "number": 3,
      "embargo": "2019-04-22T07:00:00Z"
    }
  },
  {
    "model": "will_of_the_prophets.roll",
    "pk": 106,
    "fields": {
      "created": "2019-04-22T23:51:09.580Z",
      "modified": "2019-04-22T23:51:09.593Z",
      "number": 6,
      "embargo": "2019-04-29T07:00:00Z"
    }
  },
  {
    "model": "will_of_the_prophets.roll",
    "pk": 107,
    "fields": {
      "created": "2019-04-22T23:51:53.212Z",
      "modified": "2019-04-22T23:51:53.242Z",
      "number": 3,
      "embargo": "2019-05-06T07:00:00Z"
    }
  },
  {
    "model": "will_of_the_prophets.roll",
    "pk": 108,
    "fields": {
      "created": "2019-04-23T21:21:25.687Z",
      "modified": "2019-04-23T21:21:25.704Z",
      "number": 4,
      "embargo": "2019-05-13T07:00:00Z"
    }
  },
  {
    "model": "will_of_the_prophets.roll",
    "pk": 109,
    "fields": {
      "created": "2019-04-26T22:30:18.828Z",
      "modified": "2019-04-26T22:30:18.891Z",
      "number": 1,
      "embargo": "2019-05-20T07:00:00Z"
    }
  },
  {
    "model": "will_of_the_prophets.roll",
    "pk": 110,
    "fields": {
      "created": "2019-05-15T23:00:39.960Z",
      "modified": "2019-05-15T23:00:39.986Z",
      "number": 3,
      "embargo": "2019-05-27T07:00:00Z"
    }
  },
  {
    "model": "will_of_the_prophets.roll",
    "pk": 111,
    "fields": {
      "created": "2019-05-16T00:37:04.654Z",
      "modified": "2019-05-16T00:37:04.666Z",
      "number": 4,
      "embargo": "2019-06-03T07:00:00Z"
    }
  },
  {
    "model": "will_of_the_prophets.roll",
    "pk": 112,
    "fields": {
      "created": "2019-05-24T23:22:09.921Z",
      "modified": "2019-05-24T23:22:09.996Z",
      "number": 4,
      "embargo": "2019-06-10T07:00:00Z"
    }
  },
  {
    "model": "will_of_the_prophets.roll",
    "pk": 113,
    "fields": {
      "created": "2019-05-25T01:03:29.643Z",
      "modified": "2019-05-25T01:03:29.648Z",
      "number": 2,
      "embargo": "2019-06-17T07:00:00Z"
    }
  },
  {
    "model": "will_of_the_prophets.roll",
    "pk": 114,
    "fields": {
      "created": "2019-05-30T19:26:09.805Z",
      "modified": "2019-05-30T19:26:09.833Z",
      "number": 4,
      "embargo": "2019-06-24T19:00:00Z"
    }
  },
  {
    "model": "will_of_the_prophets.roll",
    "pk": 115,
    "fields": {
      "created": "2019-06-19T22:26:11.400Z",
      "modified": "2019-06-19T22:26:11.425Z",
      "number": 2,
      "embargo": "2019-07-01T07:00:00Z"
    }
  },
  {
    "model": "will_of_the_prophets.roll",
    "pk": 116,
    "fields": {
      "created": "2019-06-21T21:36:07.353Z",
      "modified": "2019-06-21T21:36:07.383Z",
      "number": 4,
      "embargo": "2019-07-08T07:00:00Z"
    }
  },
  {
    "model": "will_of_the_prophets.roll",
    "pk": 117,
    "fields": {
      "created": "2019-06-26T00:06:33.554Z",
      "modified": "2019-06-26T00:06:33.591Z",
      "number": 2,
      "embargo": "2019-07-15T07:00:00Z"
    }
  },
  {
    "model": "will_of_the_prophets.roll",
    "pk": 118,
    "fields": {
      "created": "2019-06-28T22:52:14.739Z",
      "modified": "2019-06-28T22:52:14.739Z",
      "number": 5,
      "embargo": "2019-07-22T07:00:00Z"
    }
  },
  {
    "model": "will_of_the_prophets.roll",
    "pk": 119,
    "fields": {
      "created": "2019-06-29T00:21:34.824Z",
      "modified": "2019-06-29T00:21:34.824Z",
      "number": 4,
      "embargo": "2019-07-29T07:00:00Z"
    }
  },
  {
    "model": "will_of_the_prophets.roll",
    "pk": 120,
    "fields": {
      "created": "2019-07-02T23:32:35.803Z",
      "modified": "2019-07-02T23:32:35.803Z",
      "number": 3,
      "embargo": "2019-08-05T07:00:00Z"
    }
  },
  {
    "model": "will_of_the_prophets.roll",
    "pk": 121,
    "fields": {
      "created": "2019-07-11T23:12:35.123Z",
      "modified": "2019-07-11T23:12:35.123Z",
      "number": 6,
      "embargo": "2019-08-12T07:00:00Z"
    }
  },
  {
    "model": "will_of_the_prophets.roll",
    "pk": 122,
    "fields": {
      "created": "2019-07-19T23:49:25.194Z",
      "modified": "2019-07-19T23:49:25.194Z",
      "number": 5,
      "embargo": "2019-08-19T07:00:00Z"
    }
  },
  {
    "model": "will_of_the_prophets.roll",
    "pk": 123,
    "fields": {
      "created": "2019-07-26T22:46:02.161Z",
      "modified": "2019-07-26T22:46:02.161Z",
      "number": 2,
      "embargo": "2019-08-26T07:00:00Z"
    }
  },
  {
    "model": "will_of_the_prophets.roll",
    "pk": 124,
    "fields": {
      "created": "2019-07-27T00:22:59.487Z",
      "modified": "2019-07-27T00:22:59.487Z",
      "number": 4,
      "embargo": "2019-09-02T07:00:00Z"
    }
  },
  {
    "model": "will_of_the_prophets.roll",
    "pk": 125,
    "fields": {
      "created": "2019-08-08T22:42:46.420Z",
      "modified": "2019-08-08T22:42:46.420Z",
      "number": 5,
      "embargo": "2019-09-09T07:00:00Z"
    }
  },
  {
    "model": "will_of_the_prophets.roll",
    "pk": 126,
    "fields": {
      "created": "2019-08-09T00:20:12.450Z",
      "modified": "2019-08-09T00:20:12.450Z",
      "number": 6,
      "embargo": "2019-09-16T07:00:00Z"
    }
  },
  {
    "model": "will_of_the_prophets.roll",
    "pk": 127,
    "fields": {
      "created": "2019-08-23T21:49:30.028Z",
      "modified": "2019-08-23T21:49:30.028Z",
      "number": 1,
      "embargo": "2019-09-23T07:00:00Z"
    }
  },
  {
    "model": "will_of_the_prophets.roll",
    "pk": 128,
    "fields": {
      "created": "2019-08-30T23:22:55.260Z",
      "modified": "2019-08-30T23:22:55.260Z",
      "number": 6,
      "embargo": "2019-09-30T07:00:00Z"
    }
  },
  {
    "model": "will_of_the_prophets.roll",
    "pk": 129,
    "fields": {
      "created": "2019-08-31T00:39:45.624Z",
      "modified": "2019-08-31T00:39:45.624Z",
      "number": 3,
      "embargo": "2019-10-07T07:00:00Z"
    }
  },
  {
    "model": "will_of_the_prophets.roll",
    "pk": 130,
    "fields": {
      "created": "2019-09-13T22:14:59.560Z",
      "modified": "2019-09-13T22:14:59.560Z",
      "number": 1,
      "embargo": "2019-10-14T07:00:00Z"
    }
  },
  {
    "model": "will_of_the_prophets.roll",
    "pk": 131,
    "fields": {
      "created": "2019-09-20T22:34:13.454Z",
      "modified": "2019-09-20T22:34:13.454Z",
      "number": 3,
      "embargo": "2019-10-21T07:00:00Z"
    }
  },
  {
    "model": "will_of_the_prophets.roll",
    "pk": 132,
    "fields": {
      "created": "2019-09-20T23:52:46.528Z",
      "modified": "2019-09-20T23:52:46.528Z",
      "number": 5,
      "embargo": "2019-10-28T07:00:00Z"
    }
  },
  {
    "model": "will_of_the_prophets.roll",
    "pk": 133,
    "fields": {
      "created": "2019-10-04T21:18:21.690Z",
      "modified": "2019-10-04T21:18:21.690Z",
      "number": 4,
      "embargo": "2019-11-04T07:00:00Z"
    }
  },
  {
    "model": "will_of_the_prophets.roll",
    "pk": 134,
    "fields": {
      "created": "2019-10-04T22:39:20.675Z",
      "modified": "2019-10-04T22:39:20.675Z",
      "number": 2,
      "embargo": "2019-11-11T07:00:00Z"
    }
  },
  {
    "model": "will_of_the_prophets.roll",
    "pk": 135,
    "fields": {
      "created": "2019-10-11T21:28:23.195Z",
      "modified": "2019-10-11T21:28:23.195Z",
      "number": 2,
      "embargo": "2019-11-18T07:00:00Z"
    }
  },
  {
    "model": "will_of_the_prophets.roll",
    "pk": 136,
    "fields": {
      "created": "2019-10-18T22:35:59.821Z",
      "modified": "2019-10-18T22:35:59.821Z",
      "number": 1,
      "embargo": "2019-11-25T07:00:00Z"
    }
  },
  {
    "model": "will_of_the_prophets.roll",
    "pk": 137,
    "fields": {
      "created": "2019-11-24T03:05:42.677Z",
      "modified": "2019-11-24T03:05:42.677Z",
      "number": 6,
      "embargo": "2019-12-02T00:00:00Z"
    }
  },
  {
    "model": "will_of_the_prophets.roll",
    "pk": 138,
    "fields": {
      "created": "2019-12-02T22:27:54.052Z",
      "modified": "2019-12-06T22:54:21.020Z",
      "number": 3,
      "embargo": "2019-12-09T08:00:00Z"
    }
  },
  {
    "model": "will_of_the_prophets.roll",
    "pk": 139,
    "fields": {
      "created": "2019-12-06T22:54:58.722Z",
      "modified": "2019-12-06T22:54:58.722Z",
      "number": 2,
      "embargo": "2019-12-16T08:00:00Z"
    }
  },
  {
    "model": "will_of_the_prophets.roll",
    "pk": 140,
    "fields": {
      "created": "2019-12-07T00:26:25.917Z",
      "modified": "2019-12-07T00:26:25.917Z",
      "number": 5,
      "embargo": "2019-12-23T08:00:00Z"
    }
  },
  {
    "model": "will_of_the_prophets.roll",
    "pk": 141,
    "fields": {
      "created": "2019-12-11T22:54:47.347Z",
      "modified": "2019-12-11T22:54:47.347Z",
      "number": 1,
      "embargo": "2019-12-30T08:00:00Z"
    }
  },
  {
    "model": "will_of_the_prophets.roll",
    "pk": 142,
    "fields": {
      "created": "2019-12-12T00:39:37.400Z",
      "modified": "2019-12-12T00:39:37.400Z",
      "number": 6,
      "embargo": "2020-01-06T08:00:00Z"
    }
  },
  {
    "model": "will_of_the_prophets.roll",
    "pk": 143,
    "fields": {
      "created": "2019-12-13T22:58:58.993Z",
      "modified": "2019-12-13T22:58:58.993Z",
      "number": 5,
      "embargo": "2020-01-13T08:00:00Z"
    }
  },
  {
    "model": "will_of_the_prophets.roll",
    "pk": 144,
    "fields": {
      "created": "2019-12-19T01:06:55.365Z",
      "modified": "2019-12-19T01:06:55.365Z",
      "number": 5,
      "embargo": "2020-01-20T08:00:00Z"
    }
  },
  {
    "model": "will_of_the_prophets.roll",
    "pk": 145,
    "fields": {
      "created": "2020-01-09T01:40:33.008Z",
      "modified": "2020-01-09T01:40:33.008Z",
      "number": 5,
      "embargo": "2020-01-27T08:00:00Z"
    }
  },
  {
    "model": "will_of_the_prophets.roll",
    "pk": 146,
    "fields": {
      "created": "2020-01-25T00:20:50.348Z",
      "modified": "2020-01-25T00:20:50.348Z",
      "number": 3,
      "embargo": "2020-02-03T08:00:00Z"
    }
  },
  {
    "model": "will_of_the_prophets.roll",
    "pk": 147,
    "fields": {
      "created": "2020-01-31T22:49:23.191Z",
      "modified": "2020-01-31T22:49:52.863Z",
      "number": 3,
      "embargo": "2020-02-10T08:00:00Z"
    }
  },
  {
    "model": "will_of_the_prophets.roll",
    "pk": 148,
    "fields": {
      "created": "2020-02-01T00:55:00.644Z",
      "modified": "2020-02-01T00:55:00.644Z",
      "number": 1,
      "embargo": "2020-02-17T08:00:00Z"
    }
  },
  {
    "model": "will_of_the_prophets.roll",
    "pk": 149,
    "fields": {
      "created": "2020-02-07T23:43:25.193Z",
      "modified": "2020-02-07T23:43:25.193Z",
      "number": 6,
      "embargo": "2020-02-24T08:00:00Z"
    }
  },
  {
    "model": "will_of_the_prophets.roll",
    "pk": 150,
    "fields": {
      "created": "2020-02-14T00:04:19.624Z",
      "modified": "2020-02-14T00:04:58.171Z",
      "number": 4,
      "embargo": "2020-03-02T08:00:00Z"
    }
  },
  {
    "model": "will_of_the_prophets.roll",
    "pk": 151,
    "fields": {
      "created": "2020-02-21T01:05:07.952Z",
      "modified": "2020-02-21T01:05:07.952Z",
      "number": 5,
      "embargo": "2020-03-09T07:00:00Z"
    }
  },
  {
    "model": "will_of_the_prophets.roll",
    "pk": 152,
    "fields": {
      "created": "2020-03-06T02:39:07.124Z",
      "modified": "2020-03-06T02:39:07.124Z",
      "number": 5,
      "embargo": "2020-03-16T07:00:00Z"
    }
  },
  {
    "model": "will_of_the_prophets.roll",
    "pk": 185,
    "fields": {
      "created": "2020-03-16T21:40:14.047Z",
      "modified": "2020-03-16T21:40:14.047Z",
      "number": 6,
      "embargo": "2020-03-23T07:00:00Z"
    }
  },
  {
    "model": "will_of_the_prophets.roll",
    "pk": 186,
    "fields": {
      "created": "2020-03-19T22:56:00.620Z",
      "modified": "2020-03-19T22:56:00.620Z",
      "number": 6,
      "embargo": "2020-03-30T08:00:00Z"
    }
  },
  {
    "model": "will_of_the_prophets.roll",
    "pk": 187,
    "fields": {
      "created": "2020-03-28T19:44:20.266Z",
      "modified": "2020-03-28T19:44:20.266Z",
      "number": 3,
      "embargo": "2020-04-06T07:00:00Z"
    }
  },
  {
    "model": "will_of_the_prophets.roll",
    "pk": 188,
    "fields": {
      "created": "2020-04-03T22:27:49.731Z",
      "modified": "2020-04-03T22:27:49.731Z",
      "number": 4,
      "embargo": "2020-04-13T07:00:00Z"
    }
  },
  {
    "model": "will_of_the_prophets.roll",
    "pk": 190,
    "fields": {
      "created": "2020-04-04T00:07:21.078Z",
      "modified": "2020-04-04T00:07:21.078Z",
      "number": 5,
      "embargo": "2020-04-20T07:00:00Z"
    }
  },
  {
    "model": "will_of_the_prophets.roll",
    "pk": 191,
    "fields": {
      "created": "2020-04-15T22:41:28.877Z",
      "modified": "2020-04-15T22:41:28.877Z",
      "number": 1,
      "embargo": "2020-04-27T07:00:00Z"
    }
  },
  {
    "model": "will_of_the_prophets.roll",
    "pk": 192,
    "fields": {
      "created": "2020-04-16T00:13:29.522Z",
      "modified": "2020-04-16T00:13:29.522Z",
      "number": 3,
      "embargo": "2020-05-04T07:00:00Z"
    }
  },
  {
    "model": "will_of_the_prophets.roll",
    "pk": 193,
    "fields": {
      "created": "2020-04-17T23:42:37.926Z",
      "modified": "2020-04-17T23:42:37.926Z",
      "number": 4,
      "embargo": "2020-05-11T07:00:00Z"
    }
  },
  {
    "model": "will_of_the_prophets.roll",
    "pk": 194,
    "fields": {
      "created": "2020-04-23T23:20:22.231Z",
      "modified": "2020-04-23T23:20:22.231Z",
      "number": 1,
      "embargo": "2020-05-18T07:00:00Z"
    }
  },
  {
    "model": "will_of_the_prophets.roll",
    "pk": 195,
    "fields": {
      "created": "2020-04-30T22:30:46.687Z",
      "modified": "2020-04-30T22:30:46.687Z",
      "number": 2,
      "embargo": "2020-05-25T07:00:00Z"
    }
  },
  {
    "model": "will_of_the_prophets.roll",
    "pk": 228,
    "fields": {
      "created": "2020-05-07T22:27:48.939Z",
      "modified": "2020-05-07T22:27:48.939Z",
      "number": 5,
      "embargo": "2020-06-01T07:00:00Z"
    }
  },
  {
    "model": "will_of_the_prophets.roll",
    "pk": 229,
    "fields": {
      "created": "2020-05-14T23:06:29.507Z",
      "modified": "2020-05-14T23:06:29.507Z",
      "number": 2,
      "embargo": "2020-06-08T07:00:00Z"
    }
  },
  {
    "model": "will_of_the_prophets.roll",
    "pk": 230,
    "fields": {
      "created": "2020-05-15T00:36:44.617Z",
      "modified": "2020-05-15T00:36:44.617Z",
      "number": 4,
      "embargo": "2020-06-15T07:00:00Z"
    }
  },
  {
    "model": "will_of_the_prophets.roll",
    "pk": 231,
    "fields": {
      "created": "2020-05-21T22:47:02.598Z",
      "modified": "2020-05-21T22:47:02.598Z",
      "number": 5,
      "embargo": "2020-06-22T07:00:00Z"
    }
  },
  {
    "model": "will_of_the_prophets.roll",
    "pk": 232,
    "fields": {
      "created": "2020-05-28T22:23:05.302Z",
      "modified": "2020-05-28T22:23:05.302Z",
      "number": 2,
      "embargo": "2020-06-29T07:00:00Z"
    }
  },
  {
    "model": "will_of_the_prophets.roll",
    "pk": 233,
    "fields": {
      "created": "2020-06-04T22:32:54.560Z",
      "modified": "2020-06-04T22:32:54.560Z",
      "number": 1,
      "embargo": "2020-07-06T07:00:00Z"
    }
  },
  {
    "model": "will_of_the_prophets.roll",
    "pk": 234,
    "fields": {
      "created": "2020-06-11T23:25:11.781Z",
      "modified": "2020-06-11T23:25:11.781Z",
      "number": 5,
      "embargo": "2020-07-13T07:00:00Z"
    }
  },
  {
    "model": "will_of_the_prophets.roll",
    "pk": 235,
    "fields": {
      "created": "2020-06-17T23:21:53.070Z",
      "modified": "2020-06-17T23:21:53.070Z",
      "number": 5,
      "embargo": "2020-07-20T07:00:00Z"
    }
  },
  {
    "model": "will_of_the_prophets.roll",
    "pk": 236,
    "fields": {
      "created": "2020-06-25T21:55:48.319Z",
      "modified": "2020-06-25T21:55:48.319Z",
      "number": 6,
      "embargo": "2020-07-27T07:00:00Z"
    }
  },
  {
    "model": "will_of_the_prophets.roll",
    "pk": 237,
    "fields": {
      "created": "2020-07-02T23:56:12.173Z",
      "modified": "2020-07-02T23:56:12.173Z",
      "number": 4,
      "embargo": "2020-08-03T07:00:00Z"
    }
  },
  {
    "model": "will_of_the_prophets.roll",
    "pk": 238,
    "fields": {
      "created": "2020-07-09T22:55:16.618Z",
      "modified": "2020-07-09T22:55:16.618Z",
      "number": 1,
      "embargo": "2020-08-10T07:00:00Z"
    }
  },
  {
    "model": "will_of_the_prophets.roll",
    "pk": 239,
    "fields": {
      "created": "2020-07-22T00:15:36.874Z",
      "modified": "2020-07-22T00:16:47.858Z",
      "number": 1,
      "embargo": "2020-08-17T07:00:00Z"
    }
  },
  {
    "model": "will_of_the_prophets.roll",
    "pk": 240,
    "fields": {
      "created": "2020-08-01T23:53:54.809Z",
      "modified": "2020-08-01T23:53:54.809Z",
      "number": 6,
      "embargo": "2020-08-24T07:00:00Z"
    }
  },
  {
    "model": "will_of_the_prophets.roll",
    "pk": 241,
    "fields": {
      "created": "2020-08-08T00:03:50.257Z",
      "modified": "2020-08-08T00:03:50.257Z",
      "number": 3,
      "embargo": "2020-08-31T07:00:00Z"
    }
  },
  {
    "model": "will_of_the_prophets.roll",
    "pk": 242,
    "fields": {
      "created": "2020-08-13T22:55:50.236Z",
      "modified": "2020-08-13T22:55:50.236Z",
      "number": 4,
      "embargo": "2020-09-07T07:00:00Z"
    }
  },
  {
    "model": "will_of_the_prophets.roll",
    "pk": 243,
    "fields": {
      "created": "2020-08-14T00:59:04.906Z",
      "modified": "2020-08-14T00:59:04.906Z",
      "number": 3,
      "embargo": "2020-09-14T07:00:00Z"
    }
  },
  {
    "model": "will_of_the_prophets.roll",
    "pk": 244,
    "fields": {
      "created": "2020-08-20T23:22:03.797Z",
      "modified": "2020-08-20T23:22:03.797Z",
      "number": 2,
      "embargo": "2020-09-21T07:00:00Z"
    }
  },
  {
    "model": "will_of_the_prophets.roll",
    "pk": 278,
    "fields": {
      "created": "2020-08-27T23:41:49.488Z",
      "modified": "2020-08-27T23:41:49.488Z",
      "number": 2,
      "embargo": "2020-09-28T07:00:00Z"
    }
  },
  {
    "model": "will_of_the_prophets.roll",
    "pk": 279,
    "fields": {
      "created": "2020-09-18T00:12:20.344Z",
      "modified": "2020-09-18T00:12:20.344Z",
      "number": 4,
      "embargo": "2020-10-05T07:00:00Z"
    }
  },
  {
    "model": "will_of_the_prophets.roll",
    "pk": 280,
    "fields": {
      "created": "2020-09-24T23:53:12.414Z",
      "modified": "2020-10-09T21:35:02.109Z",
      "number": 1,
      "embargo": "2020-10-12T07:00:00Z"
    }
  },
  {
    "model": "will_of_the_prophets.roll",
    "pk": 281,
    "fields": {
      "created": "2020-10-09T22:58:15.125Z",
      "modified": "2020-10-09T22:58:15.125Z",
      "number": 5,
      "embargo": "2020-10-19T07:00:00Z"
    }
  },
  {
    "model": "will_of_the_prophets.roll",
    "pk": 282,
    "fields": {
      "created": "2020-10-10T00:36:23.746Z",
      "modified": "2020-10-10T00:36:23.746Z",
      "number": 5,
      "embargo": "2020-10-26T07:00:00Z"
    }
  },
  {
    "model": "will_of_the_prophets.roll",
    "pk": 285,
    "fields": {
      "created": "2020-10-23T23:19:26.999Z",
      "modified": "2020-10-23T23:19:26.999Z",
      "number": 4,
      "embargo": "2020-11-02T07:00:00Z"
    }
  },
  {
    "model": "will_of_the_prophets.roll",
    "pk": 286,
    "fields": {
      "created": "2020-10-23T23:20:20.928Z",
      "modified": "2020-10-23T23:20:20.928Z",
      "number": 3,
      "embargo": "2020-11-09T07:00:00Z"
    }
  },
  {
    "model": "will_of_the_prophets.roll",
    "pk": 287,
    "fields": {
      "created": "2020-10-30T21:36:36.612Z",
      "modified": "2020-10-30T21:36:36.612Z",
      "number": 6,
      "embargo": "2020-11-16T07:00:00Z"
    }
  },
  {
    "model": "will_of_the_prophets.roll",
    "pk": 288,
    "fields": {
      "created": "2020-11-06T02:01:04.358Z",
      "modified": "2020-11-06T02:01:04.358Z",
      "number": 5,
      "embargo": "2020-11-23T07:00:00Z"
    }
  },
  {
    "model": "will_of_the_prophets.roll",
    "pk": 289,
    "fields": {
      "created": "2020-11-14T02:21:06.437Z",
      "modified": "2020-11-14T02:21:06.437Z",
      "number": 2,
      "embargo": "2020-11-30T08:00:00Z"
    }
  },
  {
    "model": "will_of_the_prophets.roll",
    "pk": 290,
    "fields": {
      "created": "2020-11-18T23:25:16.204Z",
      "modified": "2020-11-18T23:25:16.204Z",
      "number": 1,
      "embargo": "2020-12-07T08:00:00Z"
    }
  },
  {
    "model": "will_of_the_prophets.roll",
    "pk": 291,
    "fields": {
      "created": "2020-12-04T23:21:14.386Z",
      "modified": "2020-12-04T23:21:14.386Z",
      "number": 5,
      "embargo": "2020-12-14T08:00:00Z"
    }
  },
  {
    "model": "will_of_the_prophets.roll",
    "pk": 292,
    "fields": {
      "created": "2020-12-05T01:00:59.429Z",
      "modified": "2020-12-05T01:00:59.429Z",
      "number": 4,
      "embargo": "2020-12-21T08:00:00Z"
    }
  },
  {
    "model": "will_of_the_prophets.roll",
    "pk": 293,
    "fields": {
      "created": "2020-12-12T00:46:22.682Z",
      "modified": "2020-12-12T00:46:43.764Z",
      "number": 5,
      "embargo": "2020-12-28T08:00:00Z"
    }
  },
  {
    "model": "will_of_the_prophets.roll",
    "pk": 294,
    "fields": {
      "created": "2020-12-12T02:52:33.271Z",
      "modified": "2020-12-12T02:52:33.271Z",
      "number": 1,
      "embargo": "2021-01-04T08:00:00Z"
    }
  },
  {
    "model": "will_of_the_prophets.roll",
    "pk": 295,
    "fields": {
      "created": "2020-12-23T00:56:51.851Z",
      "modified": "2020-12-23T00:56:51.851Z",
      "number": 2,
      "embargo": "2021-01-11T08:00:00Z"
    }
  },
  {
    "model": "will_of_the_prophets.roll",
    "pk": 296,
    "fields": {
      "created": "2021-01-11T23:52:42.121Z",
      "modified": "2021-01-11T23:52:42.121Z",
      "number": 5,
      "embargo": "2021-01-18T08:00:00Z"
    }
  },
  {
    "model": "will_of_the_prophets.roll",
    "pk": 298,
    "fields": {
      "created": "2021-01-25T17:23:09.614Z",
      "modified": "2021-01-25T17:23:09.614Z",
      "number": 1,
      "embargo": "2021-01-25T17:23:08Z"
    }
  },
  {
    "model": "will_of_the_prophets.roll",
    "pk": 299,
    "fields": {
      "created": "2021-01-26T14:08:43.305Z",
      "modified": "2021-01-26T14:08:43.305Z",
      "number": 20,
      "embargo": "2021-02-01T06:00:00Z"
    }
  },
  {
    "model": "will_of_the_prophets.roll",
    "pk": 332,
    "fields": {
      "created": "2021-02-03T00:17:06.895Z",
      "modified": "2021-02-03T00:17:06.895Z",
      "number": 1,
      "embargo": "2021-02-15T08:00:00Z"
    }
  }
]
